{
  "src": [
    "drums.webm",
    "drums.mp3"
  ],
  "sprite": {
    "Clap": [
      0,
      160.11337868480726
    ],
    "Crash": [
      2000,
      3866.122448979592
    ],
    "HighHit": [
      7000,
      430.7709750566895
    ],
    "Kick": [
      9000,
      386.03174603174574
    ],
    "LowHit": [
      11000,
      1433.8321995464848
    ],
    "Snare": [
      14000,
      664.1723356009077
    ]
  }
}